# NextExplorer user-facing copy. key<TAB>English. `#` comments, `\n` for newline.
# Regenerate: python3 Scripts/gen-l10n.py

# ---- common ----
common.cancel	Cancel
common.save	Save
common.edit	Edit
common.retry	Try Again
common.syncCompleted	Sync completed
common.delete	Delete
common.remove	Remove
common.clear	Clear
common.done	Done
common.ok	OK
common.openSettings	Open Settings
common.logOut	Log Out
common.close	Close
common.back	Back
common.share	Share
common.copy	Copy
common.copied	Copied
common.download	Download
common.sort	Sort
common.select	Select
common.deselect	Deselect
common.search	Search
common.password	Password
common.never	Never
common.selectedCount	%lld Selected

# ---- tabs ----
tab.browse	Browse
tab.favorites	Favorites
tab.shared	Shared
tab.downloads	Downloads
tab.settings	Settings

# ---- sort ----
sort.sheetTitle	Sort By
sort.name	Name
sort.size	Size
sort.kind	Kind
sort.dateModified	Date Modified
sort.dateAdded	Date Added
sort.dateShared	Date Shared
sort.expiration	Expiration
sort.email	Email
sort.type	Type
sort.ascending	Ascending
sort.descending	Descending

# ---- multi-select toolbar ----
select.selectAll	Select All
select.deselectAll	Deselect All
select.listView	List View
select.gridView	Grid View

# ---- empty states ----
emptyState.folderEmpty	This folder is empty.
emptyState.loadFailed	Couldn't reach the server.
emptyState.noSearchMatches	No matches for “%@”.

# ---- enums: access mode / share target / direct link / thumbnail size / download location ----
accessMode.readonly	Read Only
accessMode.readwrite	Read & Write
shareTarget.anyone	Anyone with link
shareTarget.users	Specific users
directLinkMode.auto	Auto
directLinkMode.inline	View
directLinkMode.raw	Raw
directLinkMode.download	Download
thumbnailSize.small	Small
thumbnailSize.medium	Medium
thumbnailSize.large	Large
downloadLocation.documents	Documents
downloadLocation.cache	Cache
dateFormat.automatic	Automatic

# ---- browse ----
browse.navigationTitle	Browse
browse.scopeThisFolder	This Folder
browse.scopeEverywhere	Everywhere
browse.searchScopeInFolder	This Folder
browse.searchScopeEverywhere	Everywhere
browse.locations	Locations
browse.breadcrumbHint	Opens this folder
browse.open	Open
browse.unsupportedFileType	Unsupported file type
browse.actionGetInfo	Get Info
browse.actionPermissions	Permissions
browse.actionRename	Rename
browse.actionExtract	Extract
browse.actionCompress	Compress
browse.actionDownload	Download
browse.actionAddToFavorites	Add to Favorites
browse.actionRemoveFromFavorites	Remove from Favorites
browse.actionShare	Create share link
browse.actionDelete	Delete
browse.renameTitle	Rename
browse.renameNamePlaceholder	Name
browse.actionNewFolder	Create Folder
browse.newFolderTitle	New folder
browse.newFolderPlaceholder	Folder name
browse.newFolderConfirm	Create
browse.deleteConfirmTitle	Delete?
browse.deleteConfirmOne	Delete “%@”?
browse.deleteConfirmMany	Delete %lld items?
browse.deleteMessage	This can't be undone.
browse.deleteLinkedSharesOne	This also removes 1 share link that points here.
browse.deleteLinkedSharesMany	This also removes %lld share links that point here.
browse.deleteLinkedSharesUnavailable	Couldn't check for share links that point here. Any that exist will stop working.
browse.searchNoMatchesInFolder	No matches for “%@”.
browse.searchEverywhere	Search everywhere
browse.searchFailed	Couldn't search. Check your connection and try again.
browse.progressExtracting	Extracting…
browse.progressCompressing	Compressing…
browse.offlineBannerTitle	Offline
browse.offlineBannerDetail	Showing a saved copy from %@

browse.actionCopy	Copy
browse.destinationPickerMoveTitle	Move to…
browse.destinationPickerConfirmMove	Move Here
browse.destinationPickerNoFolders	No folders here
browse.destinationPickerLoadFailed	Couldn't load folders.
browse.actionMove	Move
browse.actionPaste	Paste
browse.actionPasteCount	Paste %lld items
browse.actionPasteHere	Paste here
browse.actionClearClipboard	Clear clipboard
browse.clipboardMoveCount	%lld to move
browse.clipboardCopyCount	%lld to copy
browse.clipboardCopiedOne	%@ copied
browse.clipboardCopiedMany	%lld items copied
browse.progressMoving	Moving…
browse.progressCopying	Copying…
browse.transferMoved	Moved %lld items
browse.transferCopied	Copied %lld items
browse.transferMovedWithSkipped	Moved %1$lld items, skipped %2$lld
browse.transferCopiedWithSkipped	Copied %1$lld items, skipped %2$lld
browse.transferConflictTitle	Replace items?
browse.transferConflictMessageOne	"%@" already exists in this folder.
browse.transferConflictMessageMany	%lld items already exist in this folder.
browse.transferConflictReplace	Replace
browse.transferConflictKeepBoth	Keep Both
browse.actionOpenInBrowser	Open in Browser

# ---- favorites ----
favorites.navigationTitle	Favorites
favorites.emptyList	Star folders in Browse to see them here.
favorites.actionRemoveFromFavorites	Remove from Favorites
favorites.accessibilityBadge	Favorite
favorites.actionEdit	Edit
favorites.editTitle	Edit Favorite
favorites.editNameLabel	Name
favorites.editNameErrorEmpty	Name can't be empty.
favorites.editIconLabel	Icon
favorites.editIconOutline	Outline
favorites.editIconSolid	Solid
favorites.editColorLabel	Color
favorites.editColorDefault	Default
favorites.editSave	Save
favorites.reorderFailed	Couldn't save the new order.
favorites.removeConfirm	Remove %lld Favorites?
favorites.removeMessage	This only removes them from Favorites.
favorites.removeFailedOne	Couldn't remove that favorite.
favorites.removeFailedMany	Couldn't remove those favorites.
favorites.removePartial	Removed %1$lld of %2$lld.

# ---- downloads ----
downloads.navigationTitle	Downloads
downloads.actionOpenInFiles	Open in Files
downloads.emptyList	Files you download from Browse show up here.
downloads.deleteConfirmTitle	Delete?
downloads.deleteConfirmOne	Delete “%@”?
downloads.deleteConfirmMany	Delete %lld files?
downloads.deleteSingleMessage	This only removes the local copy. The file stays on the server.
downloads.deleteBulkMessage	This only removes the local copies. The files stay on the server.
downloads.errorNameExists	A file with that name already exists.
downloads.errorInvalidName	That name isn't allowed.
downloads.errorMissing	That file could no longer be found.
downloads.errorGeneric	Couldn't complete that action.

# ---- unsupported file preview ----
unsupportedPreview.genericType	File
unsupportedPreview.cannotOpen	This app can't open this type of file.

# ---- uploads ----
uploads.navigationTitle	Uploads
uploads.menuTitle	Upload
uploads.actionUploadFromFiles	Upload from Files
uploads.actionUploadFromPhotos	Upload from Gallery
uploads.actionTakePhoto	Take Photo or Video
uploads.cameraDeniedTitle	Camera access needed
uploads.cameraDeniedMessage	Allow camera access in Settings to take a photo or video.
uploads.destinationTitle	Upload to…
uploads.destinationConfirm	Upload here
uploads.reviewTitleOne	Upload 1 file
uploads.reviewTitleMany	Upload %lld files
uploads.reviewSectionFiles	Files
uploads.reviewSectionPath	Path
uploads.reviewSectionSize	Total size
uploads.reviewChooseFolder	Choose a folder
uploads.reviewUploadButton	Upload
uploads.reviewPreparing	Preparing %lld…
uploads.reviewAddMore	Add more files
uploads.reviewPreviewFile	Preview %@
uploads.reviewInsecureNetworkNotice	Connected over http. If this server is only on your home network, uploads won't work while you're away from it.
uploads.stagingFailed	Couldn't add those files. Try again.
uploads.stagingSkipped	%lld items couldn't be prepared and were left out.
uploads.discardTitle	Discard upload?
uploads.discardMessage	The files you added won't be uploaded.
uploads.discardConfirm	Discard
uploads.statusWaiting	Waiting
uploads.statusFailed	Upload failed
uploads.barTitleOne	Uploading %@
uploads.barTitleMany	Uploading %lld files
uploads.barFailedOne	1 upload failed
uploads.barFailedMany	%lld uploads failed
uploads.retryAll	Retry all
uploads.complete	Upload complete
uploads.completeMany	%lld files uploaded
uploads.completeWithFailures	%1$lld uploaded, %2$lld failed
uploads.failedGeneric	Couldn't upload this file.
uploads.clear	Clear
uploads.emptyList	No uploads yet.
uploads.cancelAll	Cancel all uploads

# ---- shared ----
shared.navigationTitle	Shared
shared.segmentByMe	By me
shared.segmentWithMe	With me
shared.sectionExpired	Expired
shared.badgeExpired	expired
shared.emptyByMe	Share a file or folder to see its link here.
shared.emptyWithMe	Links other people share with you show up here.
shared.noSearchMatches	No shares match “%@”.
shared.deleteTitle	Delete Share Link?
shared.deleteMessage	The link stops working immediately. The file or folder itself isn't touched.
shared.sharedByUnknown	Someone
shared.metaAccess	Access
shared.metaExpiration	Expiration
shared.metaSharedBy	Shared by
shared.metaSharedWith	Shared with
shared.anyoneWithLink	Anyone with link
shared.linkMode	Link mode
shared.actionShareLink	Share link
shared.actionFolderLink	Folder link
shared.actionFileLink	File link
shared.moreRecipients	+%lld
shared.copiedShareLink	Share link copied
shared.copiedFolderZip	Folder ZIP link copied
shared.copiedDirectFile	Direct file link copied

# ---- create share ----
createShare.title	Create Share Link
createShare.titleCreated	Share Created
createShare.sectionLabel	Label
createShare.sectionAccessMode	Access Mode
createShare.sectionWhoCanAccess	Who can access
createShare.sectionShareLink	Share Link
createShare.fieldPassword	Password
createShare.togglePasswordProtect	Password protect
createShare.toggleSetExpiration	Set expiration date
createShare.fieldExpires	Expires
createShare.submit	Create Share Link
createShare.loadingUsers	Loading users…
createShare.noOtherUsers	No other users to share with.
createShare.sharingPrefix	Sharing:
createShare.createdBanner	Share link created successfully!
createShare.viewInShared	View in Shared
createShare.directLinkMode	Direct link mode
createShare.directFolderLink	Direct folder ZIP link
createShare.directFileLink	Direct file link
createShare.summaryAccess	Access
createShare.summarySharedWith	Shared with
createShare.summaryPassword	Password
createShare.summaryPasswordProtected	Protected
createShare.summaryExpires	Expires
createShare.summarySpecificPeople	Specific people
createShare.errorPastExpiration	Pick an expiration date in the future.

# ---- edit share ----
editShare.title	Edit Share Link
editShare.save	Save Changes
editShare.passwordKeepHint	Leave blank to keep the current password
editShare.savedToast	Share link updated

# ---- open share link ----

# ---- admin: thumbnails ----
thumbnailSettings.navigationTitle	Thumbnails
thumbnailSettings.subtitle	Control how the server generates image thumbnails for every client.
thumbnailSettings.enable	Generate thumbnails
thumbnailSettings.enableHelp	Turn off to serve full images everywhere instead.
thumbnailSettings.quality	Quality
thumbnailSettings.qualityHelp	Higher looks better and uses more space.
thumbnailSettings.maxDimension	Max dimension
thumbnailSettings.maxDimensionHelp	Longest edge of a generated thumbnail, in pixels.
thumbnailSettings.concurrency	Concurrency
thumbnailSettings.concurrencyHelp	How many thumbnails the server builds at once.
thumbnailSettings.unavailable	Thumbnail settings are only available to administrators.
thumbnailSettings.saveButton	Save Changes

# ---- admin: access rules ----
accessRules.navigationTitle	Folder Access Rules
accessRules.subtitle	Override read and write access for specific paths.
accessRules.addRule	Add Rule
accessRules.empty	No access rules configured.
accessRules.emptyHint	Add a rule to override access for a path.
accessRules.pathLabel	Path
accessRules.pathPlaceholder	Documents/Reports
accessRules.recursive	Apply to subfolders
accessRules.permissionReadWrite	Read & write
accessRules.permissionReadOnly	Read only
accessRules.permissionHidden	Hidden
accessRules.remove	Remove
accessRules.unavailable	Access rules are only available to administrators.
accessRules.saveButton	Save Changes

# ---- settings rows ----
settings.rowThumbnails	Thumbnails
settings.rowAccessRules	Folder Access Rules

# ---- settings ----
settings.navigationTitle	Settings
settings.appVersion	v. %1$@ (b. %2$@)
settings.sectionGeneral	General
settings.sectionDisplay	Display
settings.sectionStorage	Storage
settings.sectionServerStorage	Server Storage
settings.serverStorageUsed	%1$@ of %2$@
settings.sectionLicenses	Licenses
settings.sectionLegal	Legal
settings.sectionUsers	Users
settings.sectionAdmin	Admin
settings.sectionInfo	Info
settings.toggleShowHiddenFiles	Show Hidden Files
settings.toggleRenderHTML	Render HTML Pages
settings.toggleRenderMarkdown	Render Markdown Files
settings.toggleHaptics	Haptics
settings.toggleShowThumbnails	Show Thumbnails
settings.toggleShowExtensions	Show Filename Extensions
settings.toggleShowTabLabels	Show Tab Labels
settings.toggleKeepClipboard	Keep Items After Paste
settings.toggleKeepClipboardSubtitle	Copied items stay ready to paste into another folder. Moved items always clear.
settings.rowDateFormat	Date Format
settings.rowLanguage	Language
settings.rowThumbnailSize	Thumbnail Size
settings.rowRemoveAllDownloads	Remove All Downloads
settings.rowClearCache	Clear Cache
settings.rowOpenSourceLicenses	Open Source Licenses
settings.rowPrivacyPolicy	Privacy Policy
settings.rowTermsOfUse	Terms of Use
settings.rowUserManagement	User Management
settings.rowChangePassword	Change Password
settings.rowServer	Server
settings.storageFootnote	Folders download as a zip, with nothing left behind on the server. Removing downloads or clearing the cache only affects this device; nothing on the server is touched.
settings.removeAllDownloadsTitle	Remove All Downloads?
settings.removeAllDownloadsConfirm	Remove All
settings.removeAllDownloadsMessage	This deletes every downloaded file from this device. They stay on the server.
settings.clearCacheTitle	Clear Cache?
settings.clearCacheConfirm	Clear
settings.clearCacheMessage	This clears cached previews, thumbnails, and saved folder listings used offline. Nothing on the server is affected.
settings.signOutAlertTitle	Sign Out?
settings.signOutMessage	You'll need to sign in again to access your files. Cached previews, thumbnails, and saved folder listings on this device will be cleared.
settings.signOutButton	Sign Out
settings.signingOut	Signing Out…
settings.sectionAccounts	Accounts
settings.addAccount	Add Account
settings.accountSignOut	Sign Out
settings.accountSignOutTitle	Sign Out?
settings.accountSignOutMessage	Sign %@ out on this device? You'll need to sign in again to use this account.
settings.accountLabel	%1$@, %2$@
settings.accountActiveLabel	%1$@, %2$@, active account
settings.badgeActive	Active
settings.dateFormatNavigationTitle	Date Format
settings.dateFormatShowTime	Show Time

# ---- language ----
language.navigationTitle	Language
language.systemDefault	System Default
language.systemDefaultSubtitle	Follow your device language

# ---- server details ----
serverDetails.navigationTitle	Server
serverDetails.changeLogo	Change Icon
serverDetails.takePhoto	Take Photo
serverDetails.chooseFromGallery	Upload from Gallery
serverDetails.nameLabel	Server Name
serverDetails.namePlaceholder	Explorer
serverDetails.nameErrorEmpty	Server name can't be empty.
serverDetails.urlLabel	Server URL
serverDetails.urlFootnote	The address where your NextExplorer instance is installed — to change it, sign out and add the server again.
serverDetails.updateButton	Update Server
serverDetails.savedMessage	Server details updated.
serverDetails.logoErrorTooLarge	That image is too large. Pick one under 2 MB.
serverDetails.cameraDeniedTitle	Camera Access Off
serverDetails.cameraDeniedMessage	Turn on camera access in Settings to take a photo.

# ---- licenses ----
licenses.navigationTitle	Open Source Licenses
licenses.sectionSoftware	Software
licenses.sectionFontSoftware	Font Software
licenses.labelAuthor	Author
licenses.labelOriginalVersion	Original Version
licenses.labelModifiedVersion	Modified Version
licenses.labelReservedFontName	Reserved Font Name

# ---- file info ----
fileInfo.navigationTitleFolder	Folder
fileInfo.rowKind	Kind
fileInfo.rowSize	Size
fileInfo.rowLocation	Location
fileInfo.rowDateModified	Date Modified
fileInfo.rowDateCreated	Date Created
fileInfo.rowFiles	Files
fileInfo.rowFolders	Folders
fileInfo.rowTotalSize	Total Size
fileInfo.sectionServerDisk	Server Disk
fileInfo.diskFreeOf	%1$@ free of %2$@
fileInfo.rowDimensions	Dimensions
fileInfo.rowCamera	Camera
fileInfo.rowLens	Lens
fileInfo.rowDateTaken	Date Taken
fileInfo.rowDuration	Duration
fileInfo.partialScan	Counted a partial scan — this folder is very large.

# ---- permissions ----
permissions.title	Permissions
permissions.sectionMode	Mode
permissions.numericLabel	Numeric
permissions.applyToEnclosed	Apply to enclosed items
permissions.applyPermissions	Apply Permissions
permissions.sectionOwnership	Ownership
permissions.fieldOwner	Owner
permissions.fieldGroup	Group
permissions.ownershipNote	Changing ownership usually needs root or admin privileges on the server.
permissions.applyOwnership	Apply Ownership
permissions.scopeOwner	Owner
permissions.scopeGroup	Group
permissions.scopeOthers	Others
permissions.rightRead	Read
permissions.rightWrite	Write
permissions.rightExecute	Execute

# ---- archive browser ----
archive.emptyFolder	This folder is empty.
archive.openFailed	Couldn't open this file.
archive.openArchiveFailed	Couldn't open this archive.
archive.entryTooLarge	This item is too large to open.

# ---- image gallery / text preview ----
gallery.loadFailed	Couldn't load this image.
textPreview.saved	Saved
textPreview.loadFailed	Couldn't load this file. Check your connection and try again.

# ---- user management ----
userManagement.navigationTitle	User Management
userManagement.searchPrompt	Search users
userManagement.createUser	Create User
userManagement.badgeAdmin	Admin
userManagement.emptyList	No users yet.
userManagement.noSearchMatches	No users match “%@”.
userManagement.loadFailed	Couldn't reach the server.
userManagement.sortType	Type
userManagement.sortName	Name
userManagement.sortEmail	Email
userManagement.tabProfile	Profile
userManagement.tabSecurity	Security
userManagement.tabVolumes	Volumes
userManagement.createNavigationTitle	Create User
userManagement.createEmailField	Email
userManagement.createEmailPlaceholder	name@example.com
userManagement.createUsernameField	Username (optional)
userManagement.createUsernamePlaceholder	Derived from email
userManagement.createPasswordField	Password
userManagement.createPasswordPlaceholder	At least %lld characters
userManagement.createGrantAdminToggle	Grant admin access
userManagement.createGrantAdminSubtitle	Full control over files, shares and users.
userManagement.createSubmit	Create User
userManagement.setPasswordNavigationTitle	Password
userManagement.setPasswordNewField	New password
userManagement.setPasswordPlaceholder	At least %lld characters
userManagement.setPasswordResetTitle	Reset Password
userManagement.setPasswordSetTitle	Set Password
userManagement.setPasswordResetIntro	Set a new local password for %@. Their current password stops working.
userManagement.setPasswordSetIntro	Give %@ a local password so they can sign in without SSO.
userManagement.toastProfileUpdated	Profile updated
userManagement.toastAdminGranted	Admin granted
userManagement.toastUserRemoved	User removed
userManagement.toastUserCreated	User created
userManagement.toastPasswordUpdated	Password updated
userManagement.toastVolumeSaved	Volume saved
userManagement.toastVolumeRemoved	Volume removed
userManagement.errorEmailRequired	Email is required.
userManagement.errorEmailInvalid	Enter a valid email address.
userManagement.errorUsernameRequired	Username is required.
userManagement.errorEmailInUse	Email already in use.
userManagement.errorPasswordTooShort	Use at least %lld characters.

# ---- user detail ----
userDetail.fallbackName	User
userDetail.sectionGeneralInfo	General Info
userDetail.sectionRoles	Roles & Permissions
userDetail.sectionLocalPassword	Local Password
userDetail.sectionSSO	Single Sign-On
userDetail.sectionAssignedVolumes	Assigned Volumes
userDetail.profileDisplayNameField	Display Name
userDetail.profileDisplayNamePlaceholder	Display name
userDetail.profileUsernameField	Username
userDetail.profileUsernamePlaceholder	Username
userDetail.profileEmailField	Email
userDetail.profileEmailPlaceholder	name@example.com
userDetail.profileSave	Save Changes
userDetail.roleAdmin	Administrator
userDetail.roleAdminSubtitle	Full control over files, shares and users.
userDetail.roleAdminLocked	Administrators can't be demoted from the app.
userDetail.roleGrantAdmin	Grant Admin
userDetail.passwordHasLocal	This user signs in with an email and password.
userDetail.passwordSSOOnly	This user has no local password — SSO only.
userDetail.passwordReset	Reset Password
userDetail.passwordSet	Set Password
userDetail.ssoNone	No linked SSO providers.
userDetail.ssoBadge	SSO
userDetail.ssoLinked	Linked
userDetail.dangerZoneTitle	Danger Zone
userDetail.dangerZoneSubtitle	Removing a user revokes their access immediately. Files they own on the server are not deleted.
userDetail.dangerZoneRemoveUser	Remove User
userDetail.volumesNone	No volumes assigned.
userDetail.volumesNoneSubtitle	This user only sees the default shared space.
userDetail.volumesAssign	Assign Volume
userDetail.volumesFootnote	Volumes give a user access to a directory outside the default shared space. Removing a volume never deletes files.
userDetail.volumeEditAccessibility	Edit %@
userDetail.volumeRemoveAccessibility	Remove %@
userDetail.removeVolumeTitle	Remove Volume?
userDetail.removeVolumeMessage	%@ is unassigned from this user. The directory itself is untouched.
userDetail.removeUserTitle	Remove User?
userDetail.removeUserMessage	%@ loses access immediately. Their files on the server are not deleted.
userDetail.volumeSheetLabelField	Label
userDetail.volumeSheetLabelPlaceholder	Volume label
userDetail.volumeSheetAccessMode	Access Mode
userDetail.volumeSheetDirectory	Directory
userDetail.volumeSheetSaveEdit	Save Volume
userDetail.volumeSheetSaveNew	Assign Volume
userDetail.volumeSheetTitleEdit	Edit Volume
userDetail.volumeSheetTitleNew	Assign Volume
userDetail.directoryPickerGoUp	Go up one directory
userDetail.directoryPickerUseThis	Use this directory
userDetail.directoryPickerOpen	Open %@
userDetail.directoryPickerFailed	Couldn't list directories.

# ---- preview toolbar ----
previewToolbar.close	Close
previewToolbar.createShareLink	Create share link
previewToolbar.download	Download
previewToolbar.delete	Delete
previewToolbar.share	Share
previewToolbar.rename	Rename

# ---- login ----
login.serverQuestion	Where's your instance of NextExplorer?
login.serverInfoAccessibility	About connecting to a server
login.serverInfoTitle	What is a server?
login.serverInfoBody	NextExplorer connects to your own NextExplorer server. An administrator runs the server, creates accounts, and shares its web address with you. Enter that address to sign in.\n\nNo server yet? The setup guide shows you how to host one.
login.serverInfoGuide	Open setup guide
login.testConnection	Test connection
login.emailField	Email
login.passwordField	Password
login.showPassword	Show Password
login.hidePassword	Hide Password
login.submit	Log In
login.plaintextWarning	This connection isn't encrypted. Your password and session are sent in the clear over the local network.

# ---- errors (FilesClientError.userMessage) ----
error.sessionExpired	Your session expired. Sign in again.
error.rateLimited	Too many requests. Try again shortly.
error.network	Couldn't reach the server.
error.offline	You're offline. Connect to the internet and try again.
error.decoding	Server responded unexpectedly.
error.server	Server error (%lld).
error.forbidden	You don't have permission to do that.

# ---- change password ----
changePassword.navigationTitle	Change Password
changePassword.intro	Change the password you use to sign in with your email address. You'll stay signed in on this device.
changePassword.fieldCurrentPassword	Current password
changePassword.fieldNewPasswordLabel	New password
changePassword.fieldConfirmPasswordLabel	Confirm new password
changePassword.fieldConfirmPassword	Re-enter new password
changePassword.fieldNewPasswordPrompt	At least %lld characters
changePassword.submitButton	Update Password
changePassword.success	Your password has been updated.
changePassword.errorMinLength	Use at least %lld characters.
changePassword.errorMismatch	Passwords don't match.
login.portHint	Add a port (e.g. :3000). Most homelab servers don't listen on plain port 80.
login.errorInvalidServer	Enter a valid server address.
login.errorInvalidEmail	Enter a valid email address.
login.errorInvalidCredentials	Incorrect username or password.
login.errorSessionExpired	Your session expired. Please sign in again.
login.errorIncomplete	Sign-in didn't complete. Please try again.
login.errorUnreachable	Could not reach that server. Check the address and try again.
login.errorUnexpectedResponse	Unexpected response from server.
login.errorKeychain	Could not save your session on this device.
login.errorDecoding	Server responded unexpectedly. Check the address and try again.
login.errorNoLocalAuth	This server doesn't have username/password sign-in enabled.
login.errorRateLimited	Too many attempts. Please wait a few minutes and try again.
login.ssoButton	Sign in with SSO
login.orDivider	or
login.errorSso	Single sign-on didn't complete. Please try again.
login.errorNoAuthMethods	This server has no sign-in methods enabled.

# ---- restored keys (were present in generated catalog but missing from tsv) ----
browse.nameErrorReserved	That name isn't allowed.
browse.nameErrorSeparators	A name can't contain / or \.
browse.searchMatchLine	Line %1$lld: %2$@
browse.searchMatchLineLabel	Line %lld
createShare.errorPasswordRequired	Enter a password or turn off password protection.
login.errorServer	The server ran into a problem (error %lld). Please try again later.
# ---- filter by type ----
filter.sheetTitle	Filter by Type
filter.button	Filter
filter.all	All Types
filter.folders	Folders
filter.images	Images
filter.videos	Videos
filter.audio	Audio
filter.documents	Documents
filter.archives	Archives
filter.other	Other

# Credits + tip jar
settings.creditsMadeBy	Made with ❤️ by Phillip Maizza
settings.creditsLikeApp	Like the app?
settings.creditsBuyCoffee	Buy me a coffee ☕️
tipJar.title	Buy me a coffee
tipJar.explanation	NextExplorer is free and open source. If it's useful to you, a small tip helps keep it going. Thank you!
tipJar.toastThanks	Thank you for supporting the project! 🙏
tipJar.errorLoad	Couldn't load the tip options. Please try again.
tipJar.errorPurchase	The purchase didn't go through. Please try again.
tipJar.pending	Waiting for approval. You'll be charged once it's approved.

# ---- offline ----
offline.sectionTitle	Offline
offline.settingsRow	Download Files for Offline Use
offline.footnote	Downloaded files open even without a connection.
offline.available	%@ available offline
offline.removeRow	Remove Offline Files
offline.removeConfirmTitle	Remove Offline Files?
offline.removeConfirmMessage	This deletes the files saved for offline use on this device. Your files on the server are not affected.
offline.removeConfirm	Remove
offline.preparing	Preparing…
offline.downloadingName	Downloading %@
offline.progressCount	%lld of %lld files
offline.downloadFailed	The offline download couldn't be completed.
offline.selectionTitle	Download for Offline
offline.selectionEmpty	This folder is empty.
offline.selectionLoadFailed	This folder couldn't be loaded.
offline.selectionEstimate	Estimated download
offline.selectionDownload	Download
offline.selectionInsufficientSpace	Not enough free space on this device
offline.resyncRow	Update Offline Files
offline.badgeAvailable	Available offline
offline.manageRow	Manage Offline Files
offline.manageTitle	Offline Files
offline.manageEmpty	Nothing is downloaded for offline use.
offline.preferOfflineToggle	Play downloaded copies
offline.preferOfflineSubtitle	Use a downloaded video instead of streaming when it's available.
offline.tunnelSpeedNote	Reaching your server through a remote tunnel can slow downloads. For large files, connect to the same network and use your server's local address.

# ---- appearance, personal folder, download queue ----
settings.rowAppearance	Appearance
appearance.system	System
appearance.light	Light
appearance.dark	Dark
browse.myFiles	My Files
browse.myFilesSubtitle	Only visible to you
downloadQueue.navigationTitle	Download Queue
downloadQueue.openDownloads	Show Downloads
downloadQueue.emptyList	No downloads in progress.
downloadQueue.statusSaved	Saved
downloadQueue.cancelAll	Cancel all downloads
downloadQueue.barFailedOne	1 download failed
downloadQueue.barFailedMany	%lld downloads failed
downloadQueue.barTitleOne	Downloading %@
downloadQueue.barTitleMany	Downloading %lld items
downloadQueue.savedOne	Saved to Downloads
downloadQueue.savedMany	%lld items saved to Downloads
downloadQueue.bytesOf	%1$@ of %2$@
downloadQueue.timeLeft	%@ left
browse.sectionPersonal	Personal
settings.sectionSupport	Support
settings.rowRateApp	Rate NextExplorer
settings.rowSupport	Help & Support
